{
    "IoUs": {
        "front-forward-1711020773533309": {
            "Vehicle": 0.0,
            "traffic signs": 0.04571360722184181,
            "Buildings": 0.4372265636920929,
            "Pedestrian": 0.008488641120493412,
            "Trees": 0.6035059690475464,
            "Road": 0.39968791604042053
        },
        "left-forward-1711020773533309": {
            "Vehicle": 0.004530202131718397,
            "traffic signs": 0.02709868922829628,
            "Buildings": 0.4512735605239868,
            "Pedestrian": 0.0020055852364748716,
            "Trees": 0.5030539035797119,
            "Road": 0.26101788878440857
        },
        "right-forward-1711020773533309": {
            "Vehicle": 0.1490953415632248,
            "traffic signs": 0.02978670597076416,
            "Buildings": 0.43584030866622925,
            "Pedestrian": 0.002474444918334484,
            "Trees": 0.49861276149749756,
            "Road": 0.33996883034706116
        },
        "front-forward-1711020773433309": {
            "Vehicle": 0.00034713014611043036,
            "traffic signs": 0.03468417003750801,
            "Buildings": 0.4478394091129303,
            "Pedestrian": 0.008197936229407787,
            "Trees": 0.5876572132110596,
            "Road": 0.3963499367237091
        },
        "left-forward-1711020773433309": {
            "Vehicle": 0.00407447898760438,
            "traffic signs": 0.02443665638566017,
            "Buildings": 0.45541924238204956,
            "Pedestrian": 0.0013666542945429683,
            "Trees": 0.5070695877075195,
            "Road": 0.2414671778678894
        },
        "right-forward-1711020773433309": {
            "Vehicle": 0.1741122603416443,
            "traffic signs": 0.02734375,
            "Buildings": 0.4314221143722534,
            "Pedestrian": 0.003911270294338465,
            "Trees": 0.479613333940506,
            "Road": 0.3367309868335724
        }
    },
    "accuracies": {
        "front-forward-1711020773533309": {
            "Vehicle": 0.5970351099967957,
            "traffic signs": 0.7361188530921936,
            "Buildings": 0.8372299671173096,
            "Pedestrian": 0.41800540685653687,
            "Trees": 0.9330266118049622,
            "Road": 0.4634722173213959
        },
        "left-forward-1711020773533309": {
            "Vehicle": 0.5896816849708557,
            "traffic signs": 0.8520698547363281,
            "Buildings": 0.8330671191215515,
            "Pedestrian": 0.44230324029922485,
            "Trees": 0.9653144478797913,
            "Road": 0.3071971535682678
        },
        "right-forward-1711020773533309": {
            "Vehicle": 0.6838406920433044,
            "traffic signs": 0.8342496156692505,
            "Buildings": 0.8514814972877502,
            "Pedestrian": 0.5015296936035156,
            "Trees": 0.9633969664573669,
            "Road": 0.4344078004360199
        },
        "front-forward-1711020773433309": {
            "Vehicle": 0.6000328063964844,
            "traffic signs": 0.737307071685791,
            "Buildings": 0.8420505523681641,
            "Pedestrian": 0.41936150193214417,
            "Trees": 0.9308005571365356,
            "Road": 0.45977044105529785
        },
        "left-forward-1711020773433309": {
            "Vehicle": 0.6152488589286804,
            "traffic signs": 0.8625366687774658,
            "Buildings": 0.8346392512321472,
            "Pedestrian": 0.44322529435157776,
            "Trees": 0.9671817421913147,
            "Road": 0.2879668176174164
        },
        "right-forward-1711020773433309": {
            "Vehicle": 0.6828935146331787,
            "traffic signs": 0.8405324220657349,
            "Buildings": 0.8512133359909058,
            "Pedestrian": 0.5156134366989136,
            "Trees": 0.9652121663093567,
            "Road": 0.4348958432674408
        }
    },
    "precisions": {
        "front-forward-1711020773533309": {
            "Vehicle": 0.0,
            "traffic signs": 0.04581332206726074,
            "Buildings": 0.4425303339958191,
            "Pedestrian": 0.008488641120493412,
            "Trees": 0.764831006526947,
            "Road": 0.39968791604042053
        },
        "left-forward-1711020773533309": {
            "Vehicle": 0.004532174672931433,
            "traffic signs": 0.02710212767124176,
            "Buildings": 0.47466570138931274,
            "Pedestrian": 0.0020055852364748716,
            "Trees": 0.6429303288459778,
            "Road": 0.26101788878440857
        },
        "right-forward-1711020773533309": {
            "Vehicle": 0.1512628048658371,
            "traffic signs": 0.029856489971280098,
            "Buildings": 0.4425002634525299,
            "Pedestrian": 0.002474444918334484,
            "Trees": 0.5981740951538086,
            "Road": 0.33996883034706116
        },
        "front-forward-1711020773433309": {
            "Vehicle": 0.0003473411488812417,
            "traffic signs": 0.034786008298397064,
            "Buildings": 0.45401158928871155,
            "Pedestrian": 0.008197936229407787,
            "Trees": 0.7445785999298096,
            "Road": 0.3963499367237091
        },
        "left-forward-1711020773433309": {
            "Vehicle": 0.004075659438967705,
            "traffic signs": 0.024444352835416794,
            "Buildings": 0.4827442169189453,
            "Pedestrian": 0.0013666542945429683,
            "Trees": 0.6495082378387451,
            "Road": 0.2414671778678894
        },
        "right-forward-1711020773433309": {
            "Vehicle": 0.17877648770809174,
            "traffic signs": 0.027397260069847107,
            "Buildings": 0.436603844165802,
            "Pedestrian": 0.003911270294338465,
            "Trees": 0.6240285634994507,
            "Road": 0.3367309868335724
        }
    }
}