{
    "mAP": 0.45979523908827113,
    "detail": {
        "front-forward-1711020773533309": {
            "pic_mAP": 0.494453166310365,
            "class_AP": {
                "Pedestrian": 0.3399789618514478,
                "Vehicle": 0.0,
                "traffic signs": 0.2671935598552227,
                "Trees": 0.7998551316559315,
                "Buildings": 0.5967981019616126,
                "Road": 0.9628932425379753
            }
        },
        "left-forward-1711020773533309": {
            "pic_mAP": 0.3683070740204615,
            "class_AP": {
                "Pedestrian": 0.1055910597764887,
                "Vehicle": 0.004392949391622096,
                "traffic signs": 0.07007072665728628,
                "Trees": 0.6298395486921072,
                "Buildings": 0.5172016240656376,
                "Road": 0.8827465355396271
            }
        },
        "right-forward-1711020773533309": {
            "pic_mAP": 0.5209907324239612,
            "class_AP": {
                "Pedestrian": 0.09654316132888198,
                "Vehicle": 0.6922782823070883,
                "traffic signs": 0.05504077235236764,
                "Trees": 0.6313240457698703,
                "Buildings": 0.6903863345086575,
                "Road": 0.9603717982769012
            }
        },
        "front-forward-1711020773433309": {
            "pic_mAP": 0.483824473596081,
            "class_AP": {
                "Pedestrian": 0.2997415919043124,
                "Vehicle": 0.0005197701224824414,
                "traffic signs": 0.24688679712824524,
                "Trees": 0.780314059406519,
                "Buildings": 0.6080866783857346,
                "Road": 0.9673979446291924
            }
        },
        "left-forward-1711020773433309": {
            "pic_mAP": 0.36997569685588433,
            "class_AP": {
                "Pedestrian": 0.028942910727346317,
                "Vehicle": 0.003979661157354712,
                "traffic signs": 0.13729362972080708,
                "Trees": 0.6424097001180052,
                "Buildings": 0.5300136986374855,
                "Road": 0.8772145807743073
            }
        },
        "right-forward-1711020773433309": {
            "pic_mAP": 0.5212202913228733,
            "class_AP": {
                "Pedestrian": 0.14819771386217326,
                "Vehicle": 0.6637592182308435,
                "traffic signs": 0.051063703922554854,
                "Trees": 0.6105113948136568,
                "Buildings": 0.6993218733370304,
                "Road": 0.9544678437709808
            }
        }
    }
}