{
    "IoUs": {
        "right-forward-1711105290333294": {
            "cars": 0.21766157448291779,
            "sidewalk": 0.13109353184700012,
            "pedestrians": 0.0,
            "buildings": 0.7166130542755127,
            "road": 0.30606362223625183
        },
        "front-forward-1711105290333294": {
            "cars": 0.28352200984954834,
            "sidewalk": 0.03629501536488533,
            "pedestrians": 0.009418473578989506,
            "buildings": 0.8831698894500732,
            "road": 0.28517135977745056
        },
        "front-forward-1711105287533293": {
            "cars": 0.4505045711994171,
            "sidewalk": 0.11445314437150955,
            "pedestrians": 0.0081062912940979,
            "buildings": 0.7177730798721313,
            "road": 0.27261069416999817
        },
        "left-forward-1711105290333294": {
            "cars": 0.48068535327911377,
            "sidewalk": 0.016258137300610542,
            "pedestrians": 9.564932406647131e-05,
            "buildings": 0.7714198231697083,
            "road": 0.23547658324241638
        },
        "right-forward-1711105287533293": {
            "cars": 0.31625789403915405,
            "sidewalk": 0.031026436015963554,
            "pedestrians": 0.0,
            "buildings": 0.44707709550857544,
            "road": 0.24890129268169403
        },
        "left-forward-1711105287533293": {
            "cars": 0.3638927638530731,
            "sidewalk": 0.019961701706051826,
            "pedestrians": 0.0,
            "buildings": 0.6343064308166504,
            "road": 0.2703297436237335
        }
    },
    "accuracies": {
        "right-forward-1711105290333294": {
            "cars": 0.8470486402511597,
            "sidewalk": 0.6149054765701294,
            "pedestrians": 0.8081384897232056,
            "buildings": 0.8357831835746765,
            "road": 0.582474946975708
        },
        "front-forward-1711105290333294": {
            "cars": 0.8090663552284241,
            "sidewalk": 0.5606423616409302,
            "pedestrians": 0.756743848323822,
            "buildings": 0.9212827682495117,
            "road": 0.4376060962677002
        },
        "front-forward-1711105287533293": {
            "cars": 0.8378182649612427,
            "sidewalk": 0.6443634033203125,
            "pedestrians": 0.8149479031562805,
            "buildings": 0.8392727375030518,
            "road": 0.5086824893951416
        },
        "left-forward-1711105290333294": {
            "cars": 0.8890856504440308,
            "sidewalk": 0.44382908940315247,
            "pedestrians": 0.8588406443595886,
            "buildings": 0.8360532522201538,
            "road": 0.45467978715896606
        },
        "right-forward-1711105287533293": {
            "cars": 0.8756654858589172,
            "sidewalk": 0.6595602035522461,
            "pedestrians": 0.8707407116889954,
            "buildings": 0.799591064453125,
            "road": 0.3970215916633606
        },
        "left-forward-1711105287533293": {
            "cars": 0.8720852732658386,
            "sidewalk": 0.399749219417572,
            "pedestrians": 0.9002199172973633,
            "buildings": 0.7697569727897644,
            "road": 0.46345871686935425
        }
    },
    "precisions": {
        "right-forward-1711105290333294": {
            "cars": 0.21940205991268158,
            "sidewalk": 0.13285137712955475,
            "pedestrians": 0.0,
            "buildings": 0.9133188724517822,
            "road": 0.30606362223625183
        },
        "front-forward-1711105290333294": {
            "cars": 0.28398454189300537,
            "sidewalk": 0.03633391112089157,
            "pedestrians": 0.009418548084795475,
            "buildings": 0.9728988409042358,
            "road": 0.28517135977745056
        },
        "front-forward-1711105287533293": {
            "cars": 0.450875848531723,
            "sidewalk": 0.11482875794172287,
            "pedestrians": 0.0081062912940979,
            "buildings": 0.8046859502792358,
            "road": 0.27261224389076233
        },
        "left-forward-1711105290333294": {
            "cars": 0.48349761962890625,
            "sidewalk": 0.016281358897686005,
            "pedestrians": 9.564932406647131e-05,
            "buildings": 0.9653152227401733,
            "road": 0.23547658324241638
        },
        "right-forward-1711105287533293": {
            "cars": 0.3203425407409668,
            "sidewalk": 0.031087541952729225,
            "pedestrians": 0.0,
            "buildings": 0.5114990472793579,
            "road": 0.2489270120859146
        },
        "left-forward-1711105287533293": {
            "cars": 0.3765796720981598,
            "sidewalk": 0.019963085651397705,
            "pedestrians": 0.0,
            "buildings": 0.8140019774436951,
            "road": 0.27033117413520813
        }
    }
}