{
    "mAP": 0.5076575443155016,
    "detail": {
        "right-forward-1711105290333294": {
            "pic_mAP": 0.4811281379014254,
            "class_AP": {
                "cars": 0.375809528157115,
                "pedestrians": 0.0,
                "sidewalk": 0.2212048925459385,
                "road": 0.8707136860489846,
                "buildings": 0.9379125827550888
            }
        },
        "front-forward-1711105290333294": {
            "pic_mAP": 0.488671629473567,
            "class_AP": {
                "cars": 0.4214949327707291,
                "pedestrians": 0.023628573417663574,
                "sidewalk": 0.052282287403941155,
                "road": 0.9587293097376823,
                "buildings": 0.9872230440378189
            }
        },
        "front-forward-1711105287533293": {
            "pic_mAP": 0.5642829836681486,
            "class_AP": {
                "cars": 0.6704685942828655,
                "pedestrians": 0.02021634463220835,
                "sidewalk": 0.348992612361908,
                "road": 0.9022373069822788,
                "buildings": 0.879500060081482
            }
        },
        "left-forward-1711105290333294": {
            "pic_mAP": 0.5589304168020608,
            "class_AP": {
                "cars": 0.6358161868155002,
                "pedestrians": 0.00013615762873087078,
                "sidewalk": 0.290090426793322,
                "road": 0.9001735258102417,
                "buildings": 0.9684357869625092
            }
        },
        "right-forward-1711105287533293": {
            "pic_mAP": 0.4321337784361094,
            "class_AP": {
                "cars": 0.4407968876510859,
                "pedestrians": 0.0,
                "sidewalk": 0.14224009587429465,
                "road": 0.8803782996535301,
                "buildings": 0.6972536090016365
            }
        },
        "left-forward-1711105287533293": {
            "pic_mAP": 0.5207983196116983,
            "class_AP": {
                "cars": 0.6762245481461286,
                "pedestrians": 0.0,
                "sidewalk": 0.19058637583628296,
                "road": 0.8631669515371323,
                "buildings": 0.874013722538948
            }
        }
    }
}