{
    "mAP": 0.469316181075559,
    "detail": {
        "front-forward-1702934052383307": {
            "pic_mAP": 0.4606905189473182,
            "class_AP": {
                "traffic signs": 0.04077013310976327,
                "cars": 0.7392369991540909,
                "buildings": 0.18921925026923417,
                "tree": 0.7763818845152854,
                "road": 0.5578443276882171
            }
        },
        "left-forward-1702934052983311": {
            "pic_mAP": 0.4698315962497145,
            "class_AP": {
                "traffic signs": 0.018534414144232868,
                "cars": 0.6921061338484287,
                "buildings": 0.43818613052368166,
                "tree": 0.6584805355966091,
                "road": 0.5418507671356201
            }
        },
        "right-forward-1702934053183307": {
            "pic_mAP": 0.4969815035797655,
            "class_AP": {
                "traffic signs": 0.03566704856231809,
                "cars": 0.721879605948925,
                "buildings": 0.4361404898762703,
                "tree": 0.7575334492325783,
                "road": 0.5336869242787361
            }
        },
        "left-forward-1702934053183307": {
            "pic_mAP": 0.4612650948334485,
            "class_AP": {
                "traffic signs": 0.011268197530880571,
                "cars": 0.7056422066688538,
                "buildings": 0.36855567291378977,
                "tree": 0.6808326140046119,
                "road": 0.5400267830491066
            }
        },
        "right-forward-1702934051383311": {
            "pic_mAP": 0.44899474692950025,
            "class_AP": {
                "traffic signs": 0.01594391177641228,
                "cars": 0.7398943857848644,
                "buildings": 0.25469329096376897,
                "tree": 0.7159660398960114,
                "road": 0.5184761062264442
            }
        },
        "right-forward-1702934052783310": {
            "pic_mAP": 0.5062398584857583,
            "class_AP": {
                "traffic signs": 0.21317201007157563,
                "cars": 0.7326506087183953,
                "buildings": 0.34878166392445564,
                "tree": 0.7820505034923554,
                "road": 0.45454450622200965
            }
        },
        "front-forward-1702934050983314": {
            "pic_mAP": 0.4775063778641634,
            "class_AP": {
                "traffic signs": 0.045760901437606666,
                "cars": 0.7414114797860384,
                "buildings": 0.17824486568570136,
                "tree": 0.7745650546252727,
                "road": 0.6475495877861976
            }
        },
        "front-forward-1702934052983311": {
            "pic_mAP": 0.4641778125260025,
            "class_AP": {
                "traffic signs": 0.03982496530748904,
                "cars": 0.6846587935090065,
                "buildings": 0.22409924421459437,
                "tree": 0.8145949637889862,
                "road": 0.5577110958099365
            }
        },
        "right-forward-1702934052183307": {
            "pic_mAP": 0.4635468090940266,
            "class_AP": {
                "traffic signs": 0.025948357367888093,
                "cars": 0.7251958058029413,
                "buildings": 0.32998956136405466,
                "tree": 0.7587349957227707,
                "road": 0.47786532521247865
            }
        },
        "front-forward-1702934050783314": {
            "pic_mAP": 0.4680972842932679,
            "class_AP": {
                "traffic signs": 0.030320494279731065,
                "cars": 0.7360586646944285,
                "buildings": 0.1852816215157509,
                "tree": 0.7819920846819878,
                "road": 0.6068335562944412
            }
        },
        "front-forward-1702934051183312": {
            "pic_mAP": 0.4805446828575805,
            "class_AP": {
                "traffic signs": 0.038106715329922734,
                "cars": 0.7508516200631857,
                "buildings": 0.18900599952787162,
                "tree": 0.7506036727130413,
                "road": 0.6741554066538811
            }
        },
        "right-forward-1702934052583309": {
            "pic_mAP": 0.49060588894039386,
            "class_AP": {
                "traffic signs": 0.01677977528423071,
                "cars": 0.7451023857295513,
                "buildings": 0.35785265661776067,
                "tree": 0.7992709550261498,
                "road": 0.5340236720442771
            }
        },
        "right-forward-1702934053383309": {
            "pic_mAP": 0.4894836487541907,
            "class_AP": {
                "traffic signs": 0.031559829299803825,
                "cars": 0.6469061176478863,
                "buildings": 0.4851133295893669,
                "tree": 0.7299175073206424,
                "road": 0.5539214599132538
            }
        },
        "right-forward-1702934051983314": {
            "pic_mAP": 0.4389629459669814,
            "class_AP": {
                "traffic signs": 0.017048352132551372,
                "cars": 0.6627051058411598,
                "buildings": 0.2976649395376444,
                "tree": 0.7380256071686745,
                "road": 0.4793707251548767
            }
        },
        "left-forward-1702934052383307": {
            "pic_mAP": 0.46618225517356765,
            "class_AP": {
                "traffic signs": 0.0123586164903827,
                "cars": 0.7314054891467094,
                "buildings": 0.4277376632392407,
                "tree": 0.5690571052581072,
                "road": 0.5903524017333984
            }
        },
        "front-forward-1702934052783310": {
            "pic_mAP": 0.44718224631249903,
            "class_AP": {
                "traffic signs": 0.03748348630964756,
                "cars": 0.6625761879980564,
                "buildings": 0.17577443718910218,
                "tree": 0.8066522875428199,
                "road": 0.5534248325228691
            }
        },
        "left-forward-1702934053983311": {
            "pic_mAP": 0.4603288674298674,
            "class_AP": {
                "traffic signs": 0.01689798434264958,
                "cars": 0.6425209806859493,
                "buildings": 0.30088282726705073,
                "tree": 0.7773163712024689,
                "road": 0.5640261736512184
            }
        },
        "left-forward-1702934052583309": {
            "pic_mAP": 0.45803015897911975,
            "class_AP": {
                "traffic signs": 0.025615017177769914,
                "cars": 0.6885234548151493,
                "buildings": 0.41208905175328253,
                "tree": 0.5971204845607281,
                "road": 0.5668027865886688
            }
        },
        "front-forward-1702934051783315": {
            "pic_mAP": 0.46494706674478953,
            "class_AP": {
                "traffic signs": 0.030452880999073385,
                "cars": 0.7611003957688809,
                "buildings": 0.2384554524347186,
                "tree": 0.6877332469820976,
                "road": 0.6069933575391769
            }
        },
        "right-forward-1702934053983311": {
            "pic_mAP": 0.4984398621860892,
            "class_AP": {
                "traffic signs": 0.03714146194048226,
                "cars": 0.6376002758741379,
                "buildings": 0.5733129522204399,
                "tree": 0.7664340332150459,
                "road": 0.4777105876803398
            }
        },
        "front-forward-1702934051383311": {
            "pic_mAP": 0.4730990055045113,
            "class_AP": {
                "traffic signs": 0.03741529639344662,
                "cars": 0.7690668743848801,
                "buildings": 0.16958103965967894,
                "tree": 0.7321341072022914,
                "road": 0.6572977098822593
            }
        },
        "front-forward-1702934053983311": {
            "pic_mAP": 0.49956831034272914,