{
    "IoUs": {
        "front-forward-1702411984283263": {
            "cars": 0.25233715772628784,
            "traffic light": 0.02173849381506443,
            "sidewalk": 0.08327199518680573,
            "tree": 0.23621219396591187,
            "buildings": 0.6367725729942322,
            "road": 0.37630510330200195
        },
        "front-forward-1702411985483262": {
            "cars": 0.2783692479133606,
            "traffic light": 0.020793376490473747,
            "sidewalk": 0.0722564309835434,
            "tree": 0.23729825019836426,
            "buildings": 0.6215795874595642,
            "road": 0.37471944093704224
        },
        "right-forward-1702411985283260": {
            "cars": 0.14478592574596405,
            "traffic light": 0.01640521176159382,
            "sidewalk": 0.1768021434545517,
            "tree": 0.16431878507137299,
            "buildings": 0.2955482304096222,
            "road": 0.32323235273361206
        },
        "left-forward-1702411985283260": {
            "cars": 0.3154553472995758,
            "traffic light": 0.010707936249673367,
            "sidewalk": 0.05096115916967392,
            "tree": 0.11827769130468369,
            "buildings": 0.44597354531288147,
            "road": 0.3339668810367584
        },
        "left-forward-1702411985483262": {
            "cars": 0.3156019151210785,
            "traffic light": 0.010484452359378338,
            "sidewalk": 0.05135591700673103,
            "tree": 0.11455995589494705,
            "buildings": 0.4415992200374603,
            "road": 0.3324795961380005
        },
        "right-forward-1702411985483262": {
            "cars": 0.14466862380504608,
            "traffic light": 0.01629735715687275,
            "sidewalk": 0.17659537494182587,
            "tree": 0.16454574465751648,
            "buildings": 0.29938313364982605,
            "road": 0.3227679431438446
        },
        "front-forward-1702411985283260": {
            "cars": 0.2773051857948303,
            "traffic light": 0.020134132355451584,
            "sidewalk": 0.06913939118385315,
            "tree": 0.23751720786094666,
            "buildings": 0.6204184889793396,
            "road": 0.3784102499485016
        }
    },
    "accuracies": {
        "front-forward-1702411984283263": {
            "cars": 0.7928105592727661,
            "traffic light": 0.48444637656211853,
            "sidewalk": 0.37291666865348816,
            "tree": 0.7293518781661987,
            "buildings": 0.9004725813865662,
            "road": 0.45195215940475464
        },
        "front-forward-1702411985483262": {
            "cars": 0.7893614768981934,
            "traffic light": 0.4662152826786041,
            "sidewalk": 0.3628993034362793,
            "tree": 0.7412905097007751,
            "buildings": 0.8925443887710571,
            "road": 0.44973379373550415
        },
        "right-forward-1702411985283260": {
            "cars": 0.8328472375869751,
            "traffic light": 0.6775501370429993,
            "sidewalk": 0.5176813006401062,
            "tree": 0.6399961709976196,
            "buildings": 0.8157214522361755,
            "road": 0.4261130392551422
        },
        "left-forward-1702411985283260": {
            "cars": 0.7192032933235168,
            "traffic light": 0.5405517220497131,
            "sidewalk": 0.48040124773979187,
            "tree": 0.6784162521362305,
            "buildings": 0.8498881459236145,
            "road": 0.3983950614929199
        },
        "left-forward-1702411985483262": {
            "cars": 0.7206655144691467,
            "traffic light": 0.5368422269821167,
            "sidewalk": 0.47783949971199036,
            "tree": 0.6727526783943176,
            "buildings": 0.8473456501960754,
            "road": 0.39720872044563293
        },
        "right-forward-1702411985483262": {
            "cars": 0.8322781920433044,
            "traffic light": 0.6739833950996399,
            "sidewalk": 0.5170852541923523,
            "tree": 0.6396991014480591,
            "buildings": 0.817280113697052,
            "road": 0.4262731373310089
        },
        "front-forward-1702411985283260": {
            "cars": 0.7902372479438782,
            "traffic light": 0.4687384366989136,
            "sidewalk": 0.36076775193214417,
            "tree": 0.7414236068725586,
            "buildings": 0.8919811248779297,
            "road": 0.4531712830066681
        }
    },
    "precisions": {
        "front-forward-1702411984283263": {
            "cars": 0.2551361620426178,
            "traffic light": 0.021740643307566643,
            "sidewalk": 0.08327199518680573,
            "tree": 0.24630466103553772,
            "buildings": 0.708774745464325,
            "road": 0.3763662278652191
        },
        "front-forward-1702411985483262": {
            "cars": 0.2815472185611725,
            "traffic light": 0.02080581896007061,
            "sidewalk": 0.0722564309835434,
            "tree": 0.2481062114238739,
            "buildings": 0.704955518245697,
            "road": 0.374929815530777
        },
        "right-forward-1702411985283260": {
            "cars": 0.14569759368896484,
            "traffic light": 0.016407817602157593,
            "sidewalk": 0.17680738866329193,
            "tree": 0.1676129251718521,
            "buildings": 0.3232620656490326,
            "road": 0.3241696059703827
        },
        "left-forward-1702411985283260": {
            "cars": 0.31662270426750183,
            "traffic light": 0.010713988915085793,
            "sidewalk": 0.05096115916967392,
            "tree": 0.12149842083454132,
            "buildings": 0.49594634771347046,
            "road": 0.3342902958393097
        },
        "left-forward-1702411985483262": {
            "cars": 0.31672459840774536,
            "traffic light": 0.010490115731954575,
            "sidewalk": 0.05135591700673103,
            "tree": 0.11762719601392746,
            "buildings": 0.49282997846603394,
            "road": 0.33282583951950073
        },
        "right-forward-1702411985483262": {
            "cars": 0.1455765813589096,
            "traffic light": 0.016300108283758163,
            "sidewalk": 0.1765994429588318,
            "tree": 0.16804392635822296,
            "buildings": 0.3265431225299835,
            "road": 0.3236493468284607
        },
        "front-forward-1702411985283260": {
            "cars": 0.2803308069705963,
            "traffic light": 0.020144525915384293,
            "sidewalk": 0.06913939118385315,
            "tree": 0.24801026284694672,
            "buildings": 0.7076825499534607,
            "road": 0.3786153197288513
        }
    }
}