{
    "mAP": 0.5639209011078458,
    "detail": {
        "front-forward-1702411984283263": {
            "pic_mAP": 0.6049136882430562,
            "class_AP": {
                "traffic light": 0.25026950070634485,
                "cars": 0.5515806270390748,
                "sidewalk": 0.48890012621879575,
                "buildings": 0.7911112573742867,
                "tree": 0.6216182965785265,
                "road": 0.9260023215413093
            }
        },
        "front-forward-1702411985483262": {
            "pic_mAP": 0.593313824829335,
            "class_AP": {
                "traffic light": 0.2738211999647319,
                "cars": 0.5545769710838795,
                "sidewalk": 0.41429177813231943,
                "buildings": 0.7807551994919777,
                "tree": 0.623246206715703,
                "road": 0.9131915935873985
            }
        },
        "right-forward-1702411985283260": {
            "pic_mAP": 0.5440017506402607,
            "class_AP": {
                "traffic light": 0.11233341473154723,
                "cars": 0.438753222823143,
                "sidewalk": 0.6664904481172562,
                "buildings": 0.49250668376684187,
                "tree": 0.6175749243050813,
                "road": 0.9363518100976944
            }
        },
        "left-forward-1702411985283260": {
            "pic_mAP": 0.5387147985957563,
            "class_AP": {
                "traffic light": 0.20510583467781543,
                "cars": 0.6856302401423454,
                "sidewalk": 0.3952345087379217,
                "buildings": 0.6659574991464615,
                "tree": 0.3636645153537393,
                "road": 0.9166961935162544
            }
        },
        "left-forward-1702411985483262": {
            "pic_mAP": 0.5371667119426032,
            "class_AP": {
                "traffic light": 0.204453161098063,
                "cars": 0.6905438539385795,
                "sidewalk": 0.3988444293290377,
                "buildings": 0.6514520135521888,
                "tree": 0.3592368467897177,
                "road": 0.9184699669480324
            }
        },
        "right-forward-1702411985483262": {
            "pic_mAP": 0.5400359516645161,
            "class_AP": {
                "traffic light": 0.11413426592480391,
                "cars": 0.42879184525460007,
                "sidewalk": 0.6656754016131162,
                "buildings": 0.4885606574267149,
                "tree": 0.6074566949158907,
                "road": 0.9355968448519707
            }
        },
        "front-forward-1702411985283260": {
            "pic_mAP": 0.5892995818393926,
            "class_AP": {
                "traffic light": 0.27289599072188137,
                "cars": 0.5568504710495472,
                "sidewalk": 0.386127385571599,
                "buildings": 0.7814639070630074,
                "tree": 0.6257938709110021,
                "road": 0.9126658657193184
            }
        }
    }
}